rsid,risk_allele_freq,pvalue,effect_size,snp_risk_allele,gene,chromosome,position
rs3104373,,1e-234,2.9,rs3104373-T,"HLA-DQA1, HLA-DQA1, HLA-DQA1, HLA-DQA1, HLA-DQA1",6,32632598
rs3129889,0.20,1e-206,2.97,rs3129889-G,HLA-DRA - HLA-DRB9,6,32445768
rs3135388,0.23,9e-81,1.99,rs3135388-A,,,
rs10801908,NR,5e-70,1.2987,rs10801908-C,CD58,1,116547871
rs11256593,NR,3e-65,1.2062,rs11256593-T,RPL32P23 - RBM17,10,6075359
rs438613,NR,2.0000000000000003e-49,1.1504,rs438613-C,LINC01967,3,28030595
rs1800693,NR,2e-47,1.1494253,rs1800693-C,TNFRSF1A,12,6330843
rs2104286,0.73,2e-47,1.22,rs2104286-A,IL2RA,10,6057082
rs12927355,0.69,6e-46,1.2,rs12927355-G,CLEC16A,16,11100914
rs6677309,0.88,5e-42,1.29,rs6677309-A,CD58,1,116537544
rs11621145,NR,4e-37,0.23,rs11621145-G,"IGHA1, IGHA1",14,105706543
rs6670198,NR,2e-36,1.1367512,rs6670198-T,"PRXL2B, PRXL2B",1,2589088
rs62420820,NR,8.999999999999999e-36,1.1444,rs62420820-A,IL20RA - IL22RA2,6,137116920
rs1738074,NR,3e-35,1.1327595,rs1738074-C,"TAGAP, TAGAP-AS1",6,159044945
rs35540610,NR,3e-33,1.1423,rs35540610-C,SP140,2,230257114
rs1323292,NR,4e-33,1.1625,rs1323292-A,NA - RGS1,1,192571891
rs1077667,NR,8e-33,1.1546,rs1077667-C,TNFSF14,19,6668961
rs1813375,0.49,1.9999999999999998e-32,1.15,rs1813375-A,LINC01967,3,28037080
rs9281962,0.44,4.999999999999999e-32,0.5091026,rs9281962-T,HLA-DRB1 - HLA-DQA1,6,32626821
rs35486093,NR,2e-31,1.2090436,rs35486093-G,C1orf52 - Y_RNA,1,85264137
rs2150879,NR,4e-31,1.1163,rs2150879-G,VMP1,17,59781849
rs701006,NR,9.999999999999999e-31,1.124,rs701006-G,OS9,12,57713053
rs11809700,NR,3e-30,1.1300713,rs11809700-T,EVI5,1,92687078
rs9843355,NR,3.9999999999999996e-30,1.1525,rs9843355-G,TIMMDC1,3,119509661
rs4939490,NR,2.0000000000000002e-29,1.1237,rs4939490-G,CD6 - CD5,11,61026179
rs4896153,NR,3e-29,1.1152002,rs4896153-T,LINC00271,6,135512325
rs72928038,NR,8.000000000000001e-29,1.1543345,rs72928038-A,BACH2,6,90267049
rs1026916,NR,2.0000000000000002e-28,1.114082,rs1026916-A,STAT3,17,42377817
rs10063294,NR,2.0000000000000002e-28,1.1268876,rs10063294-G,IL7R,5,35877403
rs9271673,NR,2.0000000000000002e-28,0.37,rs9271673-C,HLA-DRB1 - HLA-DQA1,6,32625056
rs1014486,NR,3e-28,1.11,rs1014486-C,IL12A-AS1,3,159973324
rs11079784,NR,2e-27,1.1074,rs11079784-C,KPNB1-DT,17,47624914
rs9271700,0.42,5e-27,1.25,rs9271700-G,HLA-DRB1 - HLA-DQA1,6,32625421
rs41286801,0.16,9.999999999999999e-27,1.19,rs41286801-A,EVI5,1,92509907
rs3748817,0.65,9.999999999999999e-27,1.14,rs3748817-A,"MMEL1, MMEL1",1,2594226
rs6589706,NR,4.9999999999999996e-26,1.11,rs6589706-A,Y_RNA - Y_RNA,11,118877104
rs3135338,0.13,1.9999999999999998e-25,3.43,rs3135338-A,TSBP1-AS1 - HLA-DRA,6,32433440
rs631204,NR,5e-25,1.1127,rs631204-A,BTF3L4P3 - LINC02539,6,137638318
rs11749040,NR,5e-25,1.1495575,rs11749040-A,,5,40396323
rs4808760,NR,6e-25,1.1198208,rs4808760-C,IFI30 - MPV17L2,19,18191169
rs2255214,0.52,1.0000000000000001e-24,1.13,rs2255214-C,Y_RNA - CD86,3,122051692
rs77278603,NR,2.0000000000000002e-24,1.06,rs77278603-A,HLA-DRB9 - HLA-DRB5,6,32501644
rs11554159,0.74,2.0000000000000002e-24,1.15,rs11554159-G,IFI30,19,18175134
rs12478539,NR,2.0000000000000002e-24,1.1165,rs12478539-G,LINC02580,2,43128185
rs58166386,NR,4.0000000000000004e-24,1.108,rs58166386-G,EPS15L1,19,16448610
rs7977720,NR,5e-24,1.0995052,rs7977720-T,LINC02390 - CLECL1,12,9713753
rs34947566,NR,1.0000000000000001e-23,1.1463,rs34947566-C,RMI2,16,11319069
rs1131265,0.81,1.0000000000000001e-23,1.17,rs1131265-C,TIMMDC1,3,119503609
rs1250551,NR,2.0000000000000002e-23,1.1009579,rs1250551-T,ZMIZ1,10,79299578
rs8070345,0.46,2.0000000000000002e-23,1.12,rs8070345-A,VMP1,17,59739396
rs34383631,0.39,4.0000000000000004e-23,1.13,rs34383631-A,CD6 - CD5,11,61025858
rs9989735,0.19,4.0000000000000004e-23,1.16,rs9989735-C,SP140,2,230250739
rs34723276,NR,1e-22,1.0973,rs34723276-A,,,
rs28703878,NR,5e-22,1.1079105,rs28703878-G,PKIA-AS1,8,78504987
rs9271721,NR,5e-22,0.32949224,rs9271721-G,HLA-DRB1 - HLA-DQA1,6,32625742
rs1920296,0.64,7e-22,1.12,rs1920296-C,IQCB1,3,121824730
rs201202118,0.67,9e-22,1.13,rs201202118-A,TSFM,12,57788279
rs3809627,NR,1e-21,1.0943314,rs3809627-C,TBX6,16,30091839
rs140522,NR,1e-21,1.1158223,rs140522-T,ODF3B - KLHDC7B-DT,22,50532837
rs67111717,NR,3e-21,1.1041,rs67111717-G,RGS14,5,177363161
rs59655222,NR,6e-21,1.1049,rs59655222-T,INAVA,1,200906769
rs212405,0.64,8e-21,1.12,rs212405-T,TAGAP-AS1,6,159049527
rs12087340,0.09,1e-20,1.21,rs12087340-A,BCL10 - DDAH1,1,85281310
rs2040406,0.26,1e-20,2.05,rs2040406-G,"HLA-DQA1, HLA-DQA1, HLA-DQA1, HLA-DQA1, HLA-DQA1",6,32635230
rs74796499,0.95,2e-20,1.32,rs74796499-C,GALC,14,87965984
rs2364485,NR,2e-20,1.1158223,rs2364485-A,LTBR - SRP14P1,12,6405797
rs4796791,0.36,4e-20,1.12,rs4796791-A,STAT3,17,42378745
rs7090512,NR,5e-20,1.19,rs7090512-G,IL2RA - RPL32P23,10,6068866
rs2331964,NR,5e-20,1.0948,rs2331964-C,IQCB1,3,121824051
rs1359062,0.83,5e-20,1.15,rs1359062-C,NA - RGS1,1,192572342
rs6990534,NR,6e-20,1.1020498,rs6990534-G,PVT1,8,127801845
rs6880778,0.61,8e-20,1.12,rs6880778-G,,5,40398994
rs2327586,NR,9e-20,1.1053,rs2327586-T,HBS1L - MYB,6,135174088
rs12925972,NR,1e-19,1.107,rs12925972-C,WWOX,16,79077400
rs9610458,NR,1e-19,1.0893,rs9610458-T,MAPK1,22,21851064
rs9591325,NR,1e-19,1.2276,rs9591325-T,DLEU1,13,50237084
rs12365699,NR,2e-19,1.1237,rs12365699-G,Y_RNA - CXCR5,11,118872577
rs9272775,NR,2e-19,0.40715143,rs9272775-C,"HLA-DQA1, HLA-DQA1, HLA-DQA1, HLA-DQA1, HLA-DQA1",6,32642480
rs1177228,NR,2e-19,1.0953,rs1177228-G,PUS10,2,61015275
rs2248137,NR,2e-19,1.0919415,rs2248137-C,CYP24A1,20,54173204
rs1087056,NR,3e-19,1.0877842,rs1087056-A,ZNF438 - LINC02664,10,31106832
rs1076928,NR,3e-19,1.1299435,rs1076928-T,ETV7,6,36380912
rs28834106,NR,4e-19,1.1171,rs28834106-T,PDE4A - KEAP1,19,10481468
rs55838263,0.71,4e-19,1.13,rs55838263-A,INAVA,1,200905600
rs3129783,0.44,4e-19,0.3,rs3129783-G,HLA-DQB1 - MTCO3P1,6,32687953
rs6032662,NR,5e-19,1.0995,rs6032662-C,RPL13P2 - CD40,20,46105671
rs2546890,NR,5e-19,1.0878,rs2546890-A,IL12B - LINC01845,5,159332892
rs2454138,0.22,5e-19,0.41,rs2454138-A,HLA-DRB1 - HLA-DQA1,6,32602624
rs60600003,NR,5e-19,1.1460004,rs60600003-G,ELMO1,7,37342861
rs28366299,0.19,7e-19,1.27,rs28366299-A,HLA-DRB1 - HLA-DQA1,6,32593093
rs10951042,NR,1e-18,1.1021,rs10951042-C,CARD11 - NA,7,3099783
rs9878602,NR,2e-18,1.1002,rs9878602-T,FOXP1,3,71486187
rs1465697,NR,3e-18,1.0973334,rs1465697-T,SLC6A16 - CD37,19,49333989
rs4976646,0.36,4e-18,1.12,rs4976646-G,RGS14,5,177361569
rs9272071,0.32,5e-18,0.22615278,rs9272071-C,"HLA-DQA1, HLA-DQA1, HLA-DQA1, HLA-DQA1, HLA-DQA1",6,32631710
rs6498184,0.82,7e-18,1.15,rs6498184-G,RMI2,16,11342133
rs9268633,0.39,1e-17,0.2,rs9268633-A,TSBP1-AS1 - HLA-DRA,6,32438696
rs483180,NR,1e-17,1.0858942,rs483180-C,PHGDH,1,119724882
rs2523393,0.59,1e-17,1.28,rs2523393-A,"HLA-F-AS1, HLA-F-AS1, HLA-F-AS1, HLA-F-AS1, HLA-F-AS1, HLA-F, HLA-F, HLA-F, HLA-F, HLA-F, HLA-F, HLA-F",6,29737882
rs9281971,0.36,2e-17,0.6,rs9281971-TTTTTTT,"HLA-DQA1, HLA-DQA1, HLA-DQA1, HLA-DQA1, HLA-DQA1",6,32628946
rs1112718,NR,2e-17,1.086,rs1112718-A,Y_RNA - EXOC6,10,92719350
rs35703946,NR,3e-17,1.1315,rs35703946-G,LINC02132 - NA,16,85987899
rs12434551,NR,4e-17,1.0822,rs12434551-A,RNU6-921P - ZFP36L1,14,68786647
rs6881706,0.73,4e-17,1.12,rs6881706-C,IL7R,5,35879054
rs9271366,NR,4e-17,2.62,rs9271366-G,HLA-DRB1 - HLA-DQA1,6,32619077
rs6457617,NR,7e-17,0.127,rs6457617-A,HLA-DQB1 - MTCO3P1,6,32696074
rs34026809,NR,8e-17,1.0905125,rs34026809-G,PHLDB1,11,118609980
rs7200786,NR,9e-17,1.15,rs7200786-A,CLEC16A,16,11083944
rs62013236,NR,9e-17,1.106,rs62013236-C,CTSH - RASGRF1,15,78955140
rs1021156,0.26,9e-17,1.11,rs1021156-A,PKIA - ZC2HC1A,8,78663569
rs2986736,NR,9e-17,1.1200718,rs2986736-C,ESPN,1,6452487
rs9909593,NR,9e-17,1.081198,rs9909593-G,IKZF3,17,39813896
rs3129871,NR,1e-16,1.98,rs3129871-?,TSBP1-AS1 - HLA-DRA,6,32438565
rs13327021,NR,2e-16,1.0831889,rs13327021-T,EOMES - LINC01980,3,27741524
rs7552544,0.43,2e-16,1.1,rs7552544-A,VCAM1 - EXTL2,1,100775337
rs2163226,0.73,2e-16,1.12,rs2163226-A,LINC02580 - ZFP36L2,2,43134117
rs12133753,NR,2e-16,1.131,rs12133753-C,TGFBR3,1,91756532
rs2317231,NR,3e-16,1.0804,rs2317231-G,FCRL3 - VDAC1P9,1,157716547
rs1335532,NR,3e-16,1.22,rs1335532-A,CD58,1,116558335
rs4613763,NR,3e-16,1.2,rs4613763-G,,5,40392626
rs61863928,NR,3e-16,1.0891,rs61863928-G,NA - ALDH7A1P4,10,62689789
rs12622670,NR,5e-16,1.0901,rs12622670-T,PLEK - WDR4P2,2,68419404
rs983494,NR,6e-16,1.0875,rs983494-G,CD48 - SLAMF7,1,160734175
rs3129934,0.10,7e-16,2.34,rs3129934-T,"TSBP1, TSBP1, TSBP1, TSBP1, TSBP1, TSBP1, TSBP1, TSBP1, TSBP1-AS1",6,32368410
rs6533052,NR,7e-16,1.0927,rs6533052-A,SLC9B1,4,102990624
rs4810485,0.25,8e-16,1.11,rs4810485-A,CD40,20,46119308
rs72922276,NR,1e-15,1.1642,rs72922276-G,JAK1,1,64963636
rs4796224,NR,1e-15,1.0915838,rs4796224-G,"ZNHIT3, ZNHIT3",17,36486677
rs669607,NR,2e-15,1.13,rs669607-C,LINC01967,3,28029953
rs12722559,NR,2e-15,1.1372,rs12722559-C,IL2RA,10,6028310
rs1801133,NR,2e-15,1.107052,rs1801133-G,MTHFR,1,11796321
rs12147246,NR,2e-15,1.0943314,rs12147246-A,TRAF3,14,102799507
rs1870071,0.3,2e-15,1.1,rs1870071-G,EPS15L1,19,16394295
rs2371108,0.39,2e-15,1.1,rs2371108-A,LINC02084 - EOMES,3,27715527
rs522308,0.25,2e-15,2.6,rs522308-T,HLA-DRB1 - HLA-DQA1,6,32614145
rs7535818,,2e-15,1.3157895,rs7535818-?,RGS1,1,192575969
rs405343,NR,3e-15,1.101079,rs405343-T,SOX8 - SSTR5-AS1,16,1017832
rs9736016,0.63,3e-15,1.1,rs9736016-T,Y_RNA - CXCR5,11,118854185
rs1782645,0.41,3e-15,1.1,rs1782645-A,ZMIZ1,10,79288854
rs9271640; rs3135388; rs3957148,0.28,4e-15,2.23,rs9271640-G; rs3135388-A; rs3957148-A,HLA-DRB1 - HLA-DQA1; No mapped genes; No mapped genes,6,32624423
rs7731626,NR,4e-15,1.0944,rs7731626-G,ANKRD55,5,56148856
rs3129720,NR,5e-15,1.91,rs3129720-?,HLA-DQB1 - MTCO3P1,6,32695854
rs3828840,NR,5e-15,1.94,rs3828840-?,HLA-DRB6,6,32553130
rs523604,0.54,6e-15,1.1,rs523604-A,CXCR5,11,118885029
rs11810217,NR,6e-15,1.15,rs11810217-A,EVI5,1,92682820
rs8107548,0.26,6e-15,1.11,rs8107548-G,DKKL1,19,49367386
rs58394161,NR,1e-14,1.1326311,rs58394161-C,GFI1,1,92474402
rs4648356,NR,1e-14,1.14,rs4648356-C,TTC34,1,2792599
rs842639,0.67,2e-14,1.1,rs842639-A,LINC01185,2,60868110
rs244656,NR,3e-14,1.1116,rs244656-A,NA - TCF7,5,134114136
rs9863496,NR,3e-14,1.0755001,rs9863496-C,SATB1-AS1,3,18757356
rs6564681,NR,4e-14,1.0808474,rs6564681-C,MAF - LINC01229,16,79618823
rs6742,NR,4e-14,1.1492,rs6742-C,SLC2A4RG,20,63743088
rs3737798,NR,4e-14,1.0741,rs3737798-A,VANGL2,1,160420194
rs17724508,NR,6e-14,1.1431,rs17724508-T,RNA5SP431 - NA,16,79316307
rs12296430,0.21,7e-14,1.12,rs12296430-C,LTBR - SRP14P1,12,6394334
rs9308424,NR,9e-14,1.0945709,rs9308424-G,BATF3 - NSL1,1,212704434
rs883871,NR,9e-14,1.1280316,rs883871-A,NR1D1,17,40096407
rs7595717,0.27,1e-13,1.1,rs7595717-A,CNRIP1 - PLEK,2,68360345
rs2269434,NR,1e-13,1.0906315,rs2269434-C,MYBPC3,11,47338861
rs11154801,NR,1e-13,1.13,rs11154801-A,AHI1,6,135418217
rs4794058,0.52,1e-13,1.09,rs4794058-A,MRPL45P2 - NPEPPS,17,47519732
rs7132277,0.19,2e-13,1.12,rs7132277-A,PITPNM2,12,123108835
rs2084007,NR,2e-13,1.0835,rs2084007-C,JADE2,5,134555592
rs6738544,NR,2e-13,1.0741,rs6738544-C,STAT4,2,191124630
rs719316,NR,2e-13,1.0723,rs719316-T,ATXN1,6,16672529
rs2523608,0.48,2e-13,0.18175249,rs2523608-G,"HLA-B, HLA-B, HLA-B, HLA-B, HLA-B",6,31354782
rs7975763,NR,3e-13,1.085305,rs7975763-T,PITPNM2,12,123119506
rs71624119,0.76,3e-13,1.11,rs71624119-G,ANKRD55,5,56144903
rs12148050,0.36,5e-13,1.09,rs12148050-A,TRAF3,14,102797451
rs249677,NR,6e-13,1.0737679,rs249677-A,NDFIP1 - NA,5,142159774
rs34695601,NR,6e-13,1.0832,rs34695601-T,BATF - FLVCR2,14,75547955
rs17066096,NR,6e-13,1.14,rs17066096-G,IL20RA - IL22RA2,6,137131771
rs11052877,0.38,6e-13,1.09,rs11052877-G,CD69,12,9753094
rs735542,NR,6e-13,1.0728,rs735542-A,"CASC19, PCAT1",8,127163451
rs67297943,0.8,6e-13,1.11,rs67297943-A,TNFAIP3 - LINC02528,6,137923679
rs6496663,NR,1e-12,1.0896807,rs6496663-C,GOLGA2P8 - GABARAPL3,15,90344352
rs6589939,NR,2e-12,1.0828371,rs6589939-G,GLULP3 - UBASH3B,11,122647817
rs2300747,,2e-12,1.3333333,rs2300747-?,CD58,1,116561593
rs2236262,0.5,3e-12,1.08,rs2236262-A,ZFP36L1,14,68794755
rs4262739,NR,4e-12,1.0676917,rs4262739-G,ETS1,11,128551280
rs9967792,0.64,4e-12,1.09,rs9967792-G,STAT4,2,191109709
rs886401,NR,4e-12,0.24661802,rs886401-A,"CCHCR1, CCHCR1, CCHCR1, CCHCR1, CCHCR1, CCHCR1",6,31145498
rs17780048,NR,5e-12,1.1008,rs17780048-C,WAKMAR2,6,137858009
rs2289746,NR,5e-12,1.0846,rs2289746-C,CBLB,3,105737111
rs9271640,NR,5e-12,1.56,rs9271640-A,HLA-DRB1 - HLA-DQA1,6,32624423
rs666930,0.53,6e-12,1.08,rs666930-G,PHGDH,1,119716347
rs35929052,0.88,6e-12,1.15,rs35929052-G,LINC02132 - NA,16,85960878
rs12614091,NR,6e-12,1.076,rs12614091-A,KRT18P39 - NPM1P33,2,203768138
rs793108,0.51,6e-12,1.08,rs793108-A,ZNF438 - LINC02664,10,31126177
rs4925166,NR,7e-12,1.1627907,rs4925166-?,TOP3A,17,18307496
rs4409785,NR,7e-12,1.0874293,rs4409785-C,SESN3 - FAM76B,11,95578258
rs4902647,NR,9e-12,1.11,rs4902647-G,RNU6-921P - ZFP36L1,14,68787474
rs6837324,NR,1e-11,1.0665529,rs6837324-G,TXK,4,48125245
rs9282641,NR,1e-11,1.21,rs9282641-G,CD86,3,122077921
rs11231749,NR,1e-11,1.0681,rs11231749-C,PRDX5 - CCDC88B,11,64327706
rs1891621,,1e-11,1.1494253,rs1891621-?,ZNF438 - LINC02664,10,31101198
rs9260489,0.45,1e-11,1.21,rs9260489-T,HLA-A - HLA-W,6,29952555
rs201847125,0.7,1e-11,1.1,rs201847125-G,NA - IKZF1,7,50285971
rs10245867,NR,1e-11,1.0696331,rs10245867-T,JAZF1,7,28102567
rs57116599,NR,1e-11,1.0944512,rs57116599-G,MERTK,2,112013222
rs2705616,NR,1e-11,1.077238,rs2705616-C,AFF1,4,86941244
rs7204270,0.49,2e-11,1.09,rs7204270-G,MAPK3 - CORO1A,16,30145642
rs34681760,NR,2e-11,1.0819,rs34681760-C,LINC02102 - TENT4A,5,6712721
rs9992763,NR,2e-11,1.0656437,rs9992763-G,LEF1,4,108137562
rs2288904,0.78,2e-11,1.1,rs2288904-G,SLC44A2,19,10631494
rs17205731,0.05,2e-11,0.62026006,rs17205731-T,HLA-DQB1 - MTCO3P1,6,32682984
rs650258,NR,2e-11,1.12,rs650258-G,CD6 - CD5,11,61064810
rs10936602,NR,2e-11,1.0766,rs10936602-T,LRRC34 - LRRIQ4,3,169818849
rs2248359,NR,3e-11,1.12,rs2248359-G,CYP24A1 - PFDN4,20,54174979
rs3118470,NR,3e-11,1.12,rs3118470-G,IL2RA,10,6059750
rs34536443,NR,3e-11,1.204,rs34536443-G,TYK2,19,10352442
rs12149527,0.47,3e-11,1.08,rs12149527-A,WWOX,16,79076699
rs13385171,NR,3e-11,1.0679,rs13385171-C,SPRED2 - DNAJB12P1,2,65434709
rs35967351,0.68,4e-11,1.09,rs35967351-A,SLAMF7,1,160742014
rs3184504,NR,4e-11,1.0643,rs3184504-T,"ATXN2, SH2B3",12,111446804
rs2726479,NR,4e-11,1.0674636,rs2726479-C,RN7SL89P - PPA2,4,105334432
rs703842,0.67,5e-11,1.23,rs703842-A,"METTL1, CYP27B1",12,57768956
rs7595037,NR,5e-11,1.11,rs7595037-A,PLEK - WDR4P2,2,68419963
rs760517,NR,5e-11,1.07,rs760517-C,"NCF4, NCF4, NCF4-AS1, NCF4-AS1",22,36862944
rs9260765,0.45,5e-11,0.17372645,rs9260765-C,HLA-W - MICD,6,29968855
rs28746882,0.08,5e-11,0.27678168,rs28746882-A,HLA-DQB1 - MTCO3P1,6,32670398
rs5756405,NR,5e-11,1.0645,rs5756405-A,CSF2RB,22,36914912
rs9955954,NR,5e-11,1.0893246,rs9955954-A,MALT1,18,58680812
rs9275563,NR,6e-11,1.75,rs9275563-?,MTCO3P1 - HLA-DQB3,6,32710135
rs1399180,NR,7e-11,1.1015642,rs1399180-C,GATA3,10,8056756
rs533646,0.68,8e-11,1.09,rs533646-G,TREHP1 - RNU6-376P,11,118696037
rs10230723,NR,8e-11,1.0876,rs10230723-A,SPATA48 - NA,7,50200284
rs756699,0.88,9e-11,1.12,rs756699-A,NA - TCF7,5,134110884
rs7196953,0.3,1e-10,1.09,rs7196953-A,MAF - LINC01229,16,79615497
rs6911131,NR,1e-10,1.121202,rs6911131-G,PHACTR2,6,143544084
rs17051321,NR,1e-10,1.0843635,rs17051321-T,TNIP3,4,121198294
rs4772201,0.83,1e-10,1.1,rs4772201-A,CCR12P - TM9SF2,13,99434005
rs1843938,0.44,1e-10,1.08,rs1843938-A,CARD11 - NA,7,3073400
rs706015,0.18,1e-10,1.1,rs706015-C,SKAP2,7,26975369
rs17119,0.8,1e-10,1.1,rs17119-A,RNU6-793P - PPIAP9,6,14719265
rs7855251,NR,1e-10,1.0774,rs7855251-T,TRIM14,9,98105907
rs2050568,0.54,2e-10,1.08,rs2050568-G,FCRL1,1,157800451
rs7222450,NR,2e-10,1.0617,rs7222450-A,RNA5SP443 - ARHGAP27,17,45330304
rs9657904,0.826,2e-10,1.4,rs9657904-T,CBLB,3,105867870
rs9891119,NR,2e-10,1.11,rs9891119-C,STAT3,17,42355962
rs10797431,,2e-10,1.1904762,rs10797431-?,TNFRSF14 - PRXL2B,1,2569783
rs11871306,0.02,2e-10,2.15,rs11871306-C,WNT9B,17,46877618
rs2119704,NR,2e-10,1.22,rs2119704-C,LINC01147,14,88021345
rs10201872,NR,2e-10,1.14,rs10201872-A,SP140,2,230242009
rs9828629,0.64,2e-10,1.08,rs9828629-G,FOXP1,3,71481195
rs917116,0.21,3e-10,1.09,rs917116-C,JAZF1,7,28133120
rs11581062,NR,3e-10,1.12,rs11581062-G,"SLC30A7, HNRNPA1P68",1,100941963
rs10951154,NR,3e-10,1.0799136,rs10951154-C,"HOXA1, HOTAIRM1",7,27095695
rs744166,0.41,3e-10,1.15,rs744166-G,STAT3,17,42362183
rs2812197,NR,3e-10,1.1494253,rs2812197-?,DLEU1,13,50243690
rs2836438,NR,3e-10,1.1061947,rs2836438-A,ERG,21,38492803
rs2585447,NR,3e-10,1.0879025,rs2585447-C,BCAS1 - CYP24A1,20,54127898
rs10492972,0.27,3e-10,1.34,rs10492972-C,KIF1B,1,10293054
rs12832171,NR,4e-10,1.166,rs12832171-C,TNFRSF1A,12,6332456
rs941816,0.2,4e-10,1.11,rs941816-G,PXT1,6,36407527
rs4780346,0.25,4e-10,1.09,rs4780346-A,CLEC16A - HNRNPCP4,16,11194949
rs4940730,NR,4e-10,1.0626,rs4940730-A,ALPK2,18,58602505
rs10191360,NR,4e-10,1.0836,rs10191360-T,CXCR4 - HNRNPKP2,2,136127109
rs6689470,,4e-10,1.24,rs6689470-A,GFI1,1,92485653
rs11125803,NR,5e-10,1.0708932,rs11125803-C,ADCY3,2,24829308
rs559242105,0.18,5e-10,0.28,rs559242105-TA,HLA-DPA2 - COL11A2P1,6,33103251
rs759648,0.31,5e-10,1.08,rs759648-C,PVT1,8,128146699
rs3007421,0.13,5e-10,1.11,rs3007421-A,PLEKHG5,1,6470129
rs2425752,NR,5e-10,1.11,rs2425752-A,NCOA5,20,46073481
rs12466022,NR,6e-10,1.11,rs12466022-C,LINC02580,2,43131922
rs3817963,NR,6e-10,1.61,rs3817963-?,"TSBP1-AS1, BTNL2, BTNL2, BTNL2, BTNL2, BTNL2, BTNL2, BTNL2, BTNL2",6,32400310
rs73414214,NR,6e-10,1.1282,rs73414214-C,CDHR3 - SYPL1,7,106066016
rs13414105,NR,7e-10,1.0912,rs13414105-C,LBH,2,30249576
rs11919880,NR,8e-10,1.0603,rs11919880-A,TRIM71 - CCR4,3,32920559
rs13136820,NR,8e-10,1.0775,rs13136820-C,RHOH - LINC02265,4,40305547
rs354033,NR,8e-10,1.0813,rs354033-G,ZNF767P,7,149592373
rs7260482,NR,1e-09,1.0778185,rs7260482-C,CEACAM16-AS1,19,44640642
rs6672420,NR,1e-09,1.0633773,rs6672420-A,RUNX3,1,24964519
rs2681424,,1e-09,1.1627907,rs2681424-?,Y_RNA - CD86,3,122050675
rs6498168,,1e-09,1.23,rs6498168-T,CLEC16A,16,11141273
rs11129295,NR,1e-09,1.11,rs11129295-A,EOMES - LINC01980,3,27747289
rs7120737,0.15,1e-09,1.1,rs7120737-G,AGBL2,11,47680843
rs11852059,NR,1e-09,1.0950503,rs11852059-C,GNG2,14,51839373
rs9292777,NR,1e-09,1.19,rs9292777-T,NA - TTC33,5,40437846
rs802730,NR,1e-09,1.0653,rs802730-T,THEMIS - PTPRK,6,127958959
rs6427540,NR,1e-09,1.106,rs6427540-C,SLAMF1 - SETP9,1,160664798
rs6789653,NR,1e-09,1.0595,rs6789653-G,ZBTB38,3,141432148
rs12253981,0.519,1e-09,1.31,rs12253981-G,IL2RA,10,6050383
rs531612,NR,1e-09,1.0689471,rs531612-T,DRAP1 - TSGA10IP,11,65937961
rs56095240,NR,1e-09,1.108156,rs56095240-A,NA - FAM76B,11,95688666
rs6793295,NR,2e-09,1.1072971,rs6793295-?,LRRC34,3,169800667
rs4325907,NR,2e-09,1.0751532,rs4325907-C,LINC02085 - ZPLD1,3,102030178
rs2456449,0.37,2e-09,1.08,rs2456449-G,"PCAT1, CASC19",8,127180736
rs4679081,0.55,2e-09,1.07,rs4679081-G,CCR4 - GLB1,3,32971991
rs7522462,NR,2e-09,1.11,rs7522462-G,INAVA,1,200912467
rs12368653,NR,2e-09,1.1,rs12368653-A,"TSPAN31, AGAP2",12,57739473
rs12588969,NR,2e-09,1.0766581,rs12588969-G,RCOR1 - TRAF3,14,102764421
rs11161550,NR,2e-09,1.061008,rs11161550-G,SYDE2 - C1orf52,1,85216337
rs8042861,0.45,2e-09,1.07,rs8042861-A,IQGAP1,15,90434101
rs694739,0.62,2e-09,1.07,rs694739-A,PRDX5 - CCDC88B,11,64329761
rs11083862,NR,2e-09,1.0769,rs11083862-A,SAE1,19,47135282
rs9808753,NR,2e-09,1.082,rs9808753-G,IFNGR2,21,33415005
rs6072343,NR,3e-09,1.0815488,rs6072343-A,ADI1P1 - LPIN3,20,41339548
rs4665719,0.25,3e-09,1.08,rs4665719-G,CENPO,2,24794991
rs4728142,NR,3e-09,1.058313,rs4728142-A,KCP - IRF5,7,128933913
rs7769192,0.54,3e-09,1.08,rs7769192-G,BTF3L4P3 - LINC02539,6,137641518
rs7238078,NR,3e-09,1.12,rs7238078-A,MALT1,18,58716960
rs10271373,NR,3e-09,1.0571942,rs10271373-A,ZC3HAV1,7,139045049
rs12946510,0.48,3e-09,1.07,rs12946510-A,GRB7 - IKZF3,17,39756124
rs2293370,NR,3e-09,1.13,rs2293370-G,TIMMDC1,3,119501087
rs17445836,0.81,4e-09,1.25,rs17445836-G,LINC02132 - NA,16,85984057
rs8062446,NR,4e-09,1.0878,rs8062446-T,NLRC5,16,57043182
rs2182410,,4e-09,1.1904762,rs2182410-?,RPL32P23 - RBM17,10,6080706
rs1036207,0.62,4e-09,1.07,rs1036207-C,NDFIP1,5,142119476
rs11587876,0.81,4e-09,1.09,rs11587876-A,DDAH1,1,85449500
rs2256814,0.21,4e-09,1.09,rs2256814-A,SLC2A4RG,20,63742630
rs2286974,NR,4e-09,1.1008366,rs2286974-A,CLEC16A,16,11020655
rs17824933,0.25,4e-09,1.18,rs17824933-G,CD6,11,60993140
rs7923837,NR,5e-09,1.1,rs7923837-G,Y_RNA - NA,10,92722160
rs2590438,NR,5e-09,1.0687187,rs2590438-G,,3,187848180
rs12609500,NR,5e-09,1.0581,rs12609500-C,SMARCA4,19,11063252
rs9568402,NR,5e-09,1.0899183,rs9568402-T,DLEU1,13,50387821
rs2019960,NR,5e-09,1.12,rs2019960-G,PVT1,8,128180025
rs2283792,NR,5e-09,1.1,rs2283792-C,MAPK1,22,21776836
rs2303759,NR,5e-09,1.11,rs2303759-C,DKKL1,19,49365794
rs1265086,0.38,5e-09,0.15234222,rs1265086-T,POLR2LP1 - CCHCR1,6,31142105
rs802734,NR,6e-09,1.1,rs802734-A,THEMIS - PTPRK,6,127957653
rs61884005,NR,6e-09,1.0953,rs61884005-C,RRAS2 - COPB1,11,14381384
rs12971909,NR,6e-09,1.0725011,rs12971909-A,UBXN6 - HDGFL2,19,4466469
rs4812772,NR,6e-09,1.0743,rs4812772-C,TOX2,20,43950411
rs72989863,NR,6e-09,1.066,rs72989863-G,MARCHF1,4,163572655
rs1250550,NR,6e-09,1.1,rs1250550-A,ZMIZ1,10,79300560
rs6859219,,8e-09,1.1904762,rs6859219-?,ANKRD55,5,56142753
rs962052,NR,8e-09,1.0628,rs962052-C,,2,150787689
rs4410871,NR,8e-09,1.11,rs4410871-G,PVT1,8,127802783
rs771767,NR,9e-09,1.1,rs771767-A,LINC02085 - ZPLD1,3,102029794
rs1886700,0.14,1e-08,1.1,rs1886700-A,CDH3,16,68652002
rs59772922,0.83,1e-08,1.09,rs59772922-A,RNU6-415P - CTSH,15,78915124
rs13333054,NR,1e-08,1.11,rs13333054-A,LINC02132 - NA,16,85977427
rs13192841,NR,1e-08,1.1,rs13192841-A,NA - LINC02539,6,137646077
rs10466829,NR,1e-08,1.09,rs10466829-A,CLECL1,12,9723495
rs11719975,0.28,1e-08,1.08,rs11719975-C,SATB1-AS1,3,18744093
rs4820955,NR,1e-08,1.0652,rs4820955-A,LIMK2,22,31226553
rs874628,NR,1e-08,1.11,rs874628-A,MPV17L2,19,18193890
rs17174870,NR,1e-08,1.11,rs17174870-G,MERTK,2,111907624
rs13066789,NR,1e-08,1.0666,rs13066789-C,LPP,3,188269836
rs11755724,NR,1e-08,1.0913455,rs11755724-?,RREB1,6,7118757
rs35218683,NR,1e-08,1.0792143,rs35218683-T,IFITM3,11,321138
rs137955,NR,1e-08,1.0568,rs137955-T,ENTHD1 - GRAP2,22,39895803
rs7665090,0.53,1e-08,1.09,rs7665090-G,NFKB1 - MANBA,4,102630446
rs2205986,,2e-08,8.3,rs2205986-?,SYT14,1,209942767
rs11899404,NR,2e-08,1.0546298,rs11899404-C,MIR3681HG,2,12467767
rs806321,NR,2e-08,1.0863662,rs806321-?,DLEU1,13,50267187
rs3923387,NR,2e-08,1.0639,rs3923387-T,EPPK1 - PLEC,8,143912625
rs2300603,NR,2e-08,1.11,rs2300603-A,BATF,14,75539214
rs4285028,NR,2e-08,1.1,rs4285028-A,SLC15A2,3,121941817
rs6897932,NR,2e-08,1.11,rs6897932-G,IL7R,5,35874473
rs170934,0.48,2e-08,1.17,rs170934-T,LINC01967,3,28037594
rs61708525,NR,2e-08,1.0702,rs61708525-G,PLXNC1,12,94267677
rs12211604,NR,2e-08,1.0654166,rs12211604-G,NA - RREB1,6,7099796
rs8021741,NR,2e-08,1.0946907,rs8021741-?,BATF - FLVCR2,14,75556057
rs6062314,NR,2e-08,1.1615751,rs6062314-?,ZBTB46,20,63778360
rs32658,NR,3e-08,1.0631511,rs32658-T,TNFAIP8,5,119367967
rs12988804,NR,3e-08,2.18,rs12988804-T,LRP2,2,169261301
rs1415069,NR,3e-08,1.0741138,rs1415069-G,DIPK1A,1,92961312
rs55858457,NR,3e-08,1.0665529,rs55858457-T,CHST12,7,2403667
rs2777899,NR,3e-08,1.0857763,rs2777899-?,VMP1,17,59755030
rs11578655,NR,3e-08,1.0866022,rs11578655-G,SLC30A7,1,100947346
rs2469434,NR,3e-08,1.0546298,rs2469434-C,CD226,18,69876810
rs6718520,0.48,3e-08,1.17,rs6718520-A,LINC02580,2,43098432
rs1292034,NR,3e-08,1.08613,rs1292034-?,RPS6KB1,17,59912499
rs1107345,NR,3e-08,1.105461,rs1107345-?,IL2RA,10,6045332
rs2150702,0.49,3e-08,1.16,rs2150702-G,"KIAA2026, MLANA",9,5893861
rs12212193,NR,4e-08,1.09,rs12212193-G,BACH2,6,90287050
rs12722489,0.85,4e-08,1.23,rs12722489-C,IL2RA,10,6060049
rs2293152,0.62,4e-08,1.22,rs2293152-C,STAT3,17,42329511
rs12048904,NR,4e-08,1.09,rs12048904-A,NA - EXTL2,1,100865980
rs2688608,0.56,4e-08,1.07,rs2688608-A,CAMK2G - PLAU,10,73898591
rs17785991,0.34,4e-08,1.07,rs17785991-A,SLC9A8,20,49822224
rs1365120,NR,4e-08,1.0957704,rs1365120-C,PRR5L,11,36416525
rs67934705,NR,4e-08,1.0684903,rs67934705-G,,,
rs2726518,0.58,4e-08,1.07,rs2726518-C,TET2,4,105252042
rs72830848,0.06,4e-08,2.25,rs72830848-T,MSI2,17,57321218
